,Item_Identifier,Item_Fat_Content,Item_Type,Outlet_Identifier,Outlet_Type,Outlet_Size,Outlet_Location_Type,Item_Weight,Item_Visibility,Item_MRP,Outlet_Establishment_Year,Item_Outlet_Sales
3191,NCV29,Low Fat,Health and Hygiene,OUT046,Supermarket Type1,Small,Tier 1,11.8,0.022843501,177.8686,1997,4621.9836
5063,FDC34,Regular,Snack Foods,OUT049,Supermarket Type1,Medium,Tier 1,16.0,0.173027688,155.2972,1999,3583.3356
1753,FDD04,Low Fat,Dairy,OUT046,Supermarket Type1,Small,Tier 1,16.0,0.089971292,143.2154,1997,1701.7848
5878,FDB23,Regular,Starchy Foods,OUT018,Supermarket Type2,Medium,Tier 3,19.2,0.005611367,226.2062,2009,1579.9434
652,NCE31,Low Fat,Household,OUT046,Supermarket Type1,Small,Tier 1,7.67,0.184843579,33.1216,1997,727.0536
1628,FDT24,Regular,Baking Goods,OUT018,Supermarket Type2,Medium,Tier 3,12.35,0.186616421,78.6328,2009,1004.0264
1464,FDP34,LF,Snack Foods,OUT018,Supermarket Type2,Medium,Tier 3,12.85,0.137786856,157.763,2009,2659.871
5093,FDD45,Low Fat,Fruits and Vegetables,OUT018,Supermarket Type2,Medium,Tier 3,8.615,0.116722514,95.4436,2009,567.2616
5750,FDL43,Low Fat,Meat,OUT046,Supermarket Type1,Small,Tier 1,10.1,0.027064381,76.367,1997,765.67
3019,NCQ43,LF,Others,OUT013,Supermarket Type1,High,Tier 3,17.75,0.111209003,107.7912,1987,982.7208
2968,DRI23,Low Fat,Hard Drinks,OUT049,Supermarket Type1,Medium,Tier 1,18.85,0.137410256,161.7578,1999,1604.578
2042,FDS31,Regular,Fruits and Vegetables,OUT019,Grocery Store,Small,Tier 1,12.85764518,0.0,178.5318,1985,180.4318
3040,DRD12,Low Fat,Soft Drinks,OUT013,Supermarket Type1,High,Tier 3,6.96,0.077129323,92.7146,1987,1733.0774
2180,FDK14,LF,Canned,OUT013,Supermarket Type1,High,Tier 3,6.98,0.041071581,82.5934,1987,1310.2944
3579,FDJ27,Regular,Meat,OUT049,Supermarket Type1,Medium,Tier 1,17.7,0.122065518,103.3674,1999,2546.685
3749,FDR23,Low Fat,Breads,OUT018,Supermarket Type2,Medium,Tier 3,15.85,0.082120687,177.437,2009,5645.984
1399,NCM53,Low Fat,Health and Hygiene,OUT049,Supermarket Type1,Medium,Tier 1,18.75,0.052121825,104.828,1999,2343.616
5892,FDX08,Low Fat,Fruits and Vegetables,OUT019,Grocery Store,Small,Tier 1,12.85764518,0.039576776,179.9318,1985,360.8636
2413,FDH38,Low Fat,Canned,OUT046,Supermarket Type1,Small,Tier 1,6.425,0.01043823,115.8808,1997,1757.712
2655,FDK33,Low Fat,Snack Foods,OUT018,Supermarket Type2,Medium,Tier 3,17.85,0.011281018,213.756,2009,3408.896
4431,FDU07,Low Fat,Fruits and Vegetables,OUT013,Supermarket Type1,High,Tier 3,11.1,0.059797172,151.8366,1987,1057.9562
4489,FDI60,Regular,Baking Goods,OUT018,Supermarket Type2,Medium,Tier 3,7.22,0.038477325,62.951,2009,1138.518
5507,FDG60,Low Fat,Baking Goods,OUT035,Supermarket Type1,Small,Tier 2,20.35,0.060688248,234.2616,2004,4687.232
4918,DRG11,Low Fat,Hard Drinks,OUT013,Supermarket Type1,High,Tier 3,6.385,0.083768522,109.8596,1987,3235.788
98,NCO26,Low Fat,Household,OUT046,Supermarket Type1,Small,Tier 1,7.235,0.076855628,116.0492,1997,1969.4364
383,FDB38,Regular,Canned,OUT019,Grocery Store,Small,Tier 1,12.85764518,0.0,160.692,1985,319.584
1177,FDL39,Regular,Dairy,OUT018,Supermarket Type2,Medium,Tier 3,16.1,0.06358934,179.4318,2009,360.8636
340,FDK41,Low Fat,Frozen Foods,OUT046,Supermarket Type1,Small,Tier 1,14.3,0.127541722,84.9224,1997,1193.1136
2936,FDC11,LF,Starchy Foods,OUT046,Supermarket Type1,Small,Tier 1,20.5,0.141792841,89.7172,1997,1159.8236
3904,FDZ35,Regular,Breads,OUT027,Supermarket Type3,Medium,Tier 3,12.85764518,0.022170592,105.199,1985,3199.169
4010,FDN60,Low Fat,Baking Goods,OUT035,Supermarket Type1,Small,Tier 2,15.1,0.095140088,159.9604,2004,2852.2872
1547,NCE54,Low Fat,Household,OUT013,Supermarket Type1,High,Tier 3,20.7,0.026877471,74.6354,1987,1053.2956
3042,FDJ10,Regular,Snack Foods,OUT018,Supermarket Type2,Medium,Tier 3,5.095,0.130031207,142.4838,2009,561.9352
1593,FDZ27,LF,Dairy,OUT013,Supermarket Type1,High,Tier 3,7.935,0.017141985,50.035,1987,149.805
3907,NCO54,Low Fat,Household,OUT049,Supermarket Type1,Medium,Tier 1,19.5,0.014296484,53.7614,1999,1436.7964
699,FDU22,Low Fat,Snack Foods,OUT019,Grocery Store,Small,Tier 1,12.85764518,0.163350221,120.2124,1985,474.0496
2176,NCL41,Low Fat,Health and Hygiene,OUT019,Grocery Store,Small,Tier 1,12.85764518,0.073077197,34.3216,1985,34.6216
4864,FDN01,Low Fat,Breakfast,OUT027,Supermarket Type3,Medium,Tier 3,12.85764518,0.07204818,177.937,1985,6881.043
2489,FDF39,Regular,Dairy,OUT018,Supermarket Type2,Medium,Tier 3,14.85,0.019590769,261.591,2009,2366.919
422,FDN27,Low Fat,Meat,OUT018,Supermarket Type2,Medium,Tier 3,20.85,0.0,115.1808,2009,1054.6272
2898,FDY45,Low Fat,Snack Foods,OUT018,Supermarket Type2,Medium,Tier 3,17.5,0.026248606,255.1356,2009,3815.034
474,DRK23,Low Fat,Hard Drinks,OUT018,Supermarket Type2,Medium,Tier 3,8.395,0.07226985,254.104,2009,3542.056
945,FDO23,Low Fat,Breads,OUT019,Grocery Store,Small,Tier 1,12.85764518,0.25637539,94.8436,1985,567.2616
5174,FDG38,Regular,Canned,OUT018,Supermarket Type2,Medium,Tier 3,8.975,0.0,84.9224,2009,1278.336
718,FDV46,Low Fat,Snack Foods,OUT018,Supermarket Type2,Medium,Tier 3,18.2,0.012659235,140.718,2009,2656.542
4298,FDJ44,Regular,Fruits and Vegetables,OUT027,Supermarket Type3,Medium,Tier 3,12.85764518,0.105812357,175.0396,1985,4012.1108
5078,FDQ39,Low Fat,Meat,OUT013,Supermarket Type1,High,Tier 3,14.8,0.0,189.3846,1987,4777.115
1018,FDA10,Low Fat,Snack Foods,OUT035,Supermarket Type1,Small,Tier 2,20.35,0.141789197,121.9072,2004,1347.5792
3170,NCL53,Low Fat,Health and Hygiene,OUT035,Supermarket Type1,Small,Tier 2,7.5,0.036228067,175.2028,2004,4427.57
1497,FDN04,Regular,Frozen Foods,OUT013,Supermarket Type1,High,Tier 3,11.8,0.014075334,176.8344,1987,3568.688
2902,DRH39,Low Fat,Dairy,OUT027,Supermarket Type3,Medium,Tier 3,12.85764518,0.092241348,75.867,1985,2450.144
3827,FDJ33,Regular,Snack Foods,OUT027,Supermarket Type3,Medium,Tier 3,12.85764518,0.087894475,121.173,1985,2586.633
104,FDB11,Low Fat,Starchy Foods,OUT035,Supermarket Type1,Small,Tier 2,16.0,0.060836524,226.8404,2004,6301.1312
2507,NCL54,Low Fat,Household,OUT027,Supermarket Type3,Medium,Tier 3,12.85764518,0.082353076,176.9054,1985,4202.5296
1179,FDE11,Regular,Starchy Foods,OUT046,Supermarket Type1,Small,Tier 1,17.7,0.0,184.3924,1997,4257.1252
3747,FDB14,Regular,Canned,OUT018,Supermarket Type2,Medium,Tier 3,20.25,0.103142373,94.612,2009,652.484
1283,FDW24,Low Fat,Baking Goods,OUT046,Supermarket Type1,Small,Tier 1,6.8,0.03749705,49.9034,1997,194.4136
3573,FDZ49,Regular,Canned,OUT013,Supermarket Type1,High,Tier 3,11.0,0.133034816,222.0798,1987,2864.9374
5522,FDA08,Regular,Fruits and Vegetables,OUT019,Grocery Store,Small,Tier 1,12.85764518,0.087692636,162.5526,1985,328.9052
1127,FDB44,Low Fat,Fruits and Vegetables,OUT046,Supermarket Type1,Small,Tier 1,6.655,0.016958832,210.0586,1997,4221.172
1884,NCC43,low fat,Household,OUT013,Supermarket Type1,High,Tier 3,7.39,0.092705683,251.9066,1987,4267.1122
4926,FDW40,Regular,Frozen Foods,OUT035,Supermarket Type1,Small,Tier 2,14.0,0.105125569,143.2812,2004,3277.0676
5578,FDA55,Regular,Fruits and Vegetables,OUT027,Supermarket Type3,Medium,Tier 3,12.85764518,0.056713056,223.8088,1985,5592.72
3197,FDA07,Regular,Fruits and Vegetables,OUT027,Supermarket Type3,Medium,Tier 3,12.85764518,0.030794774,122.9072,1985,4532.7664
5778,NCY42,Low Fat,Household,OUT046,Supermarket Type1,Small,Tier 1,6.38,0.015162573,145.147,1997,3006.087
2985,FDC60,Regular,Baking Goods,OUT019,Grocery Store,Small,Tier 1,12.85764518,0.2004264,88.8514,1985,265.6542
366,FDZ47,Regular,Baking Goods,OUT027,Supermarket Type3,Medium,Tier 3,12.85764518,0.078912473,99.9042,1985,3273.7386
5136,FDD58,Low Fat,Snack Foods,OUT013,Supermarket Type1,High,Tier 3,7.76,0.05930285,98.77,1987,1697.79
5089,FDZ58,Low Fat,Snack Foods,OUT027,Supermarket Type3,Medium,Tier 3,12.85764518,0.051924192,121.0072,1985,2940.1728
5622,DRD01,Regular,Soft Drinks,OUT049,Supermarket Type1,Medium,Tier 1,12.1,0.061270647,53.2614,1999,386.8298
4736,FDR25,Regular,Canned,OUT027,Supermarket Type3,Medium,Tier 3,12.85764518,0.138846289,263.7884,1985,1324.942
1463,FDQ36,Regular,Baking Goods,OUT019,Grocery Store,Small,Tier 1,12.85764518,0.0,38.1848,1985,37.2848
5935,FDX45,Low Fat,Snack Foods,OUT027,Supermarket Type3,Medium,Tier 3,12.85764518,0.104348025,156.263,1985,4850.353
6069,FDX20,Low Fat,Fruits and Vegetables,OUT019,Grocery Store,Small,Tier 1,12.85764518,0.074517508,227.372,1985,452.744
919,NCQ38,Low Fat,Others,OUT049,Supermarket Type1,Medium,Tier 1,16.35,0.013387211,105.628,1999,1065.28
4651,FDJ22,Low Fat,Snack Foods,OUT027,Supermarket Type3,Medium,Tier 3,12.85764518,0.052554508,190.3504,1985,1917.504
2250,FDU12,Regular,Baking Goods,OUT046,Supermarket Type1,Small,Tier 1,15.5,0.07575107,262.8568,1997,5800.4496
157,FDW20,Low Fat,Fruits and Vegetables,OUT013,Supermarket Type1,High,Tier 3,20.75,0.024129332,124.173,1987,2956.152
375,FDK44,Low Fat,Fruits and Vegetables,OUT046,Supermarket Type1,Small,Tier 1,16.6,0.0,173.3738,1997,2085.2856
920,NCR41,Low Fat,Health and Hygiene,OUT027,Supermarket Type3,Medium,Tier 3,12.85764518,0.017936715,93.7094,1985,4189.2136
1679,FDJ34,Regular,Snack Foods,OUT049,Supermarket Type1,Medium,Tier 1,11.8,0.093801337,126.0704,1999,1251.704
2495,FDQ58,Low Fat,Snack Foods,OUT049,Supermarket Type1,Medium,Tier 1,7.315,0.01532563,153.434,1999,459.402
704,FDF34,Regular,Snack Foods,OUT018,Supermarket Type2,Medium,Tier 3,9.3,0.014076503,200.0084,2009,2182.4924
3581,NCP29,Low Fat,Health and Hygiene,OUT046,Supermarket Type1,Small,Tier 1,8.42,0.11227101,63.2168,1997,703.0848
2337,FDR39,LF,Meat,OUT049,Supermarket Type1,Medium,Tier 1,20.35,0.083929569,182.4292,1999,4925.5884
4586,FDL27,Low Fat,Meat,OUT046,Supermarket Type1,Small,Tier 1,6.17,0.010630949,65.9826,1997,1162.4868
2564,NCE19,Low Fat,Household,OUT019,Grocery Store,Small,Tier 1,12.85764518,0.162856593,54.5956,1985,218.3824
5917,FDR32,Regular,Fruits and Vegetables,OUT019,Grocery Store,Small,Tier 1,12.85764518,0.150238656,229.3694,1985,228.3694
2838,FDU38,Low Fat,Dairy,OUT046,Supermarket Type1,Small,Tier 1,10.8,0.082549896,193.7504,1997,4602.0096
5597,FDC45,Low Fat,Fruits and Vegetables,OUT049,Supermarket Type1,Medium,Tier 1,17.0,0.135944247,171.5106,1999,1539.9954
5141,DRH01,Low Fat,Soft Drinks,OUT027,Supermarket Type3,Medium,Tier 3,12.85764518,0.097429924,172.8738,1985,3649.2498
1572,FDR35,Low Fat,Breads,OUT035,Supermarket Type1,Small,Tier 2,12.5,0.020693809,199.1742,2004,4379.6324
1508,NCC30,Low Fat,Household,OUT046,Supermarket Type1,Small,Tier 1,16.6,0.027579198,178.7344,1997,1605.9096
3061,FDZ23,Regular,Baking Goods,OUT049,Supermarket Type1,Medium,Tier 1,17.75,0.067607749,188.024,1999,2796.36
4605,FDS35,LF,Breads,OUT018,Supermarket Type2,Medium,Tier 3,9.3,0.111673587,65.7826,2009,968.739
3616,DRH11,Low Fat,Hard Drinks,OUT027,Supermarket Type3,Medium,Tier 3,12.85764518,0.075192072,56.0614,1985,2597.2858
5933,FDX46,Regular,Snack Foods,OUT027,Supermarket Type3,Medium,Tier 3,12.85764518,0.057835325,57.5562,1985,2548.0166
5575,NCS06,Low Fat,Household,OUT035,Supermarket Type1,Small,Tier 2,7.935,0.031730739,261.091,2004,2366.919
5544,FDS11,Regular,Breads,OUT027,Supermarket Type3,Medium,Tier 3,12.85764518,0.055289464,222.5088,1985,7158.6816
3221,FDL21,Regular,Snack Foods,OUT035,Supermarket Type1,Small,Tier 2,15.85,0.007145063,41.048,2004,479.376
2473,FDN58,Regular,Snack Foods,OUT013,Supermarket Type1,High,Tier 3,13.8,0.056825065,230.9984,1987,4633.968
5459,NCD54,Low Fat,Household,OUT019,Grocery Store,Small,Tier 1,12.85764518,0.050790917,142.7786,1985,144.4786
4393,FDI26,Low Fat,Canned,OUT035,Supermarket Type1,Small,Tier 2,5.94,0.034880143,177.9344,2004,4460.86
3929,FDN44,Low Fat,Fruits and Vegetables,OUT046,Supermarket Type1,Small,Tier 1,13.15,0.022795611,160.192,1997,1597.92
4177,FDB04,Regular,Dairy,OUT027,Supermarket Type3,Medium,Tier 3,12.85764518,0.06292013,88.9856,1985,3515.424
4081,FDA14,Low Fat,Dairy,OUT049,Supermarket Type1,Medium,Tier 1,16.1,0.06528457,145.076,1999,1904.188
2074,FDI14,Low Fat,Canned,OUT035,Supermarket Type1,Small,Tier 2,14.1,0.089660816,140.0496,2004,1411.496
4814,NCJ43,Low Fat,Household,OUT046,Supermarket Type1,Small,Tier 1,6.635,0.027069402,174.9396,1997,1744.396
3948,FDS47,LF,Breads,OUT027,Supermarket Type3,Medium,Tier 3,12.85764518,0.0,87.6856,1985,1845.5976
1427,FDZ43,Regular,Fruits and Vegetables,OUT027,Supermarket Type3,Medium,Tier 3,12.85764518,0.056782237,241.2512,1985,8239.9408
1278,FDF56,Regular,Fruits and Vegetables,OUT035,Supermarket Type1,Small,Tier 2,16.7,0.119439636,182.1976,2004,724.3904
2993,FDI20,Low Fat,Fruits and Vegetables,OUT013,Supermarket Type1,High,Tier 3,19.1,0.038531668,210.6586,1987,5487.5236
5710,FDQ52,Low Fat,Frozen Foods,OUT018,Supermarket Type2,Medium,Tier 3,17.0,0.119871307,248.3434,2009,6208.585
59,FDD58,Low Fat,Snack Foods,OUT046,Supermarket Type1,Small,Tier 1,7.76,0.059352241,101.87,1997,1697.79
3268,FDK34,Low Fat,Snack Foods,OUT027,Supermarket Type3,Medium,Tier 3,12.85764518,0.038340116,240.1564,1985,7150.692
3653,NCN05,Low Fat,Health and Hygiene,OUT046,Supermarket Type1,Small,Tier 1,8.235,0.014459672,181.895,1997,732.38
4598,DRE12,Low Fat,Soft Drinks,OUT013,Supermarket Type1,High,Tier 3,4.59,0.070721656,113.286,1987,1471.418
1187,FDB12,Regular,Baking Goods,OUT013,Supermarket Type1,High,Tier 3,11.15,0.105220024,102.7648,1987,1142.5128
4345,FDH04,Regular,Frozen Foods,OUT046,Supermarket Type1,Small,Tier 1,6.115,0.011372972,89.6488,1997,1267.6832
6049,NCO30,Low Fat,Household,OUT013,Supermarket Type1,High,Tier 3,19.5,0.015711807,181.8608,1987,4042.7376
3026,FDY20,Regular,Fruits and Vegetables,OUT046,Supermarket Type1,Small,Tier 1,12.5,0.08175276,89.0488,1997,1267.6832
2172,FDF16,Low Fat,Frozen Foods,OUT019,Grocery Store,Small,Tier 1,12.85764518,0.150806666,149.0076,1985,295.6152
1336,FDU20,Regular,Fruits and Vegetables,OUT035,Supermarket Type1,Small,Tier 2,19.35,0.021453493,120.3098,2004,2530.7058
4569,FDN38,Regular,Canned,OUT019,Grocery Store,Small,Tier 1,12.85764518,0.161030847,251.2408,1985,1001.3632
4956,FDR27,Regular,Meat,OUT027,Supermarket Type3,Medium,Tier 3,12.85764518,0.095635061,130.7942,1985,3047.3666
5461,NCN54,Low Fat,Household,OUT046,Supermarket Type1,Small,Tier 1,20.35,0.021326471,76.1328,1997,772.328
5976,DRD13,Low Fat,Soft Drinks,OUT018,Supermarket Type2,Medium,Tier 3,15.0,0.049279392,65.7168,2009,575.2512
4822,FDA09,Regular,Snack Foods,OUT035,Supermarket Type1,Small,Tier 2,13.35,0.149338159,178.666,2004,1797.66
2994,DRZ11,Regular,Soft Drinks,OUT027,Supermarket Type3,Medium,Tier 3,12.85764518,0.112119359,123.0388,1985,1981.4208
3955,FDC53,Low Fat,Frozen Foods,OUT027,Supermarket Type3,Medium,Tier 3,12.85764518,0.008792907,96.7384,1985,2956.152
1956,FDT24,Regular,Baking Goods,OUT013,Supermarket Type1,High,Tier 3,12.35,0.185704641,77.1328,1987,2239.7512
1122,FDO10,reg,Snack Foods,OUT046,Supermarket Type1,Small,Tier 1,13.65,0.0127517,55.5588,1997,1603.2464
2969,NCW06,Low Fat,Household,OUT035,Supermarket Type1,Small,Tier 2,16.2,0.0,190.8162,2004,3271.0754
3732,FDZ38,LF,Dairy,OUT046,Supermarket Type1,Small,Tier 1,17.6,0.008001018,170.4422,1997,2759.0752
1964,NCV54,Low Fat,Household,OUT035,Supermarket Type1,Small,Tier 2,11.1,0.033102681,116.6124,2004,1540.6612
4832,DRF49,LF,Soft Drinks,OUT035,Supermarket Type1,Small,Tier 2,7.27,0.071064499,114.4518,2004,1366.2216
5516,NCY29,low fat,Health and Hygiene,OUT046,Supermarket Type1,Small,Tier 1,13.65,0.077234113,56.893,1997,1188.453
2567,FDY11,reg,Baking Goods,OUT018,Supermarket Type2,Medium,Tier 3,6.71,0.029680868,65.0142,2009,856.8846
2476,FDA13,Low Fat,Canned,OUT013,Supermarket Type1,High,Tier 3,15.85,0.078489577,39.9506,1987,645.1602
1324,FDE33,Regular,Fruits and Vegetables,OUT019,Grocery Store,Small,Tier 1,12.85764518,0.086905536,78.8644,1985,314.2576
1635,FDW28,Low Fat,Frozen Foods,OUT035,Supermarket Type1,Small,Tier 2,18.25,0.088807455,197.3452,2004,2740.4328
1027,NCI54,LF,Household,OUT019,Grocery Store,Small,Tier 1,12.85764518,0.058827583,110.4912,1985,436.7648
2485,FDT50,reg,Dairy,OUT027,Supermarket Type3,Medium,Tier 3,12.85764518,0.107714834,97.8752,1985,2109.2544
928,FDK43,Low Fat,Meat,OUT019,Grocery Store,Small,Tier 1,12.85764518,0.046994717,125.802,1985,253.004
3531,FDD29,Low Fat,Frozen Foods,OUT035,Supermarket Type1,Small,Tier 2,12.15,0.018407033,254.7698,2004,5834.4054
4326,NCF19,Low Fat,Household,OUT018,Supermarket Type2,Medium,Tier 3,13.0,0.03525175,48.0034,2009,923.4646
3846,FDJ16,Low Fat,Frozen Foods,OUT018,Supermarket Type2,Medium,Tier 3,9.195,0.115353642,58.9246,2009,926.7936
1078,FDR46,Low Fat,Snack Foods,OUT027,Supermarket Type3,Medium,Tier 3,12.85764518,0.138742518,147.476,1985,3368.948
2400,FDK41,LF,Frozen Foods,OUT027,Supermarket Type3,Medium,Tier 3,12.85764518,0.126924095,87.2224,1985,3494.1184
3716,FDC16,Regular,Dairy,OUT046,Supermarket Type1,Small,Tier 1,11.5,0.0,88.254,1997,1298.31
1788,FDI56,Low Fat,Fruits and Vegetables,OUT046,Supermarket Type1,Small,Tier 1,7.325,0.093385381,91.3146,1997,1641.8628
4551,FDM15,reg,Meat,OUT018,Supermarket Type2,Medium,Tier 3,11.8,0.057655493,152.6366,2009,1662.5026
892,FDE05,Regular,Frozen Foods,OUT013,Supermarket Type1,High,Tier 3,10.895,0.032427039,147.7102,1987,1166.4816
581,FDR58,Low Fat,Snack Foods,OUT013,Supermarket Type1,High,Tier 3,6.675,0.041886576,92.1462,1987,1203.1006
2675,NCW53,Low Fat,Health and Hygiene,OUT013,Supermarket Type1,High,Tier 3,18.35,0.0304697,191.3162,1987,1346.9134
930,FDE29,LF,Frozen Foods,OUT046,Supermarket Type1,Small,Tier 1,8.905,0.143129124,58.8878,1997,1151.1682
6015,NCQ54,Low Fat,Household,OUT027,Supermarket Type3,Medium,Tier 3,12.85764518,0.012481638,168.3474,1985,5221.8694
405,FDL08,Low Fat,Fruits and Vegetables,OUT013,Supermarket Type1,High,Tier 3,10.8,0.049677651,245.9144,1987,4655.2736
3157,DRD12,Low Fat,Soft Drinks,OUT035,Supermarket Type1,Small,Tier 2,6.96,0.077178965,93.1146,2004,2189.1504
3172,FDO12,Low Fat,Baking Goods,OUT018,Supermarket Type2,Medium,Tier 3,15.75,0.055154296,195.5452,2009,1174.4712
3575,FDX20,Low Fat,Fruits and Vegetables,OUT018,Supermarket Type2,Medium,Tier 3,7.365,0.042733625,226.972,2009,3848.324
3866,NCH54,Low Fat,Household,OUT018,Supermarket Type2,Medium,Tier 3,13.5,0.072965144,160.692,2009,1917.504
4685,FDP37,Low Fat,Breakfast,OUT018,Supermarket Type2,Medium,Tier 3,15.6,0.143688905,128.1994,2009,2184.4898
3821,DRE37,Low Fat,Soft Drinks,OUT049,Supermarket Type1,Medium,Tier 1,13.5,0.094366079,190.9872,1999,2836.308
5412,FDB56,Regular,Fruits and Vegetables,OUT013,Supermarket Type1,High,Tier 3,8.75,0.074565098,186.8556,1987,7322.4684
467,FDG38,Regular,Canned,OUT013,Supermarket Type1,High,Tier 3,8.975,0.05268526,83.3224,1987,3579.3408
6077,FDQ45,Regular,Snack Foods,OUT019,Grocery Store,Small,Tier 1,12.85764518,0.019114349,182.1608,1985,367.5216
2240,DRM37,Low Fat,Soft Drinks,OUT018,Supermarket Type2,Medium,Tier 3,15.35,0.096790497,197.2768,2009,3941.536
138,NCX06,Low Fat,Household,OUT027,Supermarket Type3,Medium,Tier 3,12.85764518,0.01561108,182.5976,1985,5070.7328
143,FDX49,reg,Canned,OUT027,Supermarket Type3,Medium,Tier 3,12.85764518,0.101338651,232.63,1985,5359.69
4409,FDF38,Regular,Canned,OUT013,Supermarket Type1,High,Tier 3,11.8,0.02633607,40.6138,1987,406.138
4017,FDW26,Regular,Dairy,OUT019,Grocery Store,Small,Tier 1,12.85764518,0.187443314,220.4772,1985,444.7544
1897,DRN47,Low Fat,Hard Drinks,OUT013,Supermarket Type1,High,Tier 3,12.1,0.016812745,180.666,1987,4134.618
3666,NCP43,Low Fat,Others,OUT018,Supermarket Type2,Medium,Tier 3,17.75,0.030631323,178.566,2009,2516.724
2944,FDY02,Regular,Dairy,OUT019,Grocery Store,Small,Tier 1,12.85764518,0.153456703,264.091,1985,262.991
2810,DRD15,Low Fat,Dairy,OUT046,Supermarket Type1,Small,Tier 1,10.6,0.056795923,232.8642,1997,3485.463
5606,FDQ15,Regular,Meat,OUT035,Supermarket Type1,Small,Tier 2,20.35,0.151044881,79.2276,2004,649.8208
5945,FDF56,Regular,Fruits and Vegetables,OUT019,Grocery Store,Small,Tier 1,12.85764518,0.209162936,179.1976,1985,543.2928
3745,FDQ47,Regular,Breads,OUT018,Supermarket Type2,Medium,Tier 3,7.155,0.168871496,34.3874,2009,670.4606
2104,FDT56,Regular,Fruits and Vegetables,OUT027,Supermarket Type3,Medium,Tier 3,12.85764518,0.115032648,58.0246,1985,2143.2102
5114,NCK07,Low Fat,Others,OUT035,Supermarket Type1,Small,Tier 2,10.65,0.048677482,166.1526,2004,2466.789
551,FDG24,Low Fat,Baking Goods,OUT027,Supermarket Type3,Medium,Tier 3,12.85764518,0.014560297,81.425,1985,1331.6
3862,FDT26,reg,Dairy,OUT027,Supermarket Type3,Medium,Tier 3,12.85764518,0.067624438,120.944,1985,1078.596
3427,FDS50,Low Fat,Dairy,OUT046,Supermarket Type1,Small,Tier 1,17.0,0.055433377,221.1114,1997,4434.228
5963,NCQ41,Low Fat,Health and Hygiene,OUT018,Supermarket Type2,Medium,Tier 3,14.8,0.019559746,193.7794,2009,2926.191
5080,FDV26,Regular,Dairy,OUT019,Grocery Store,Small,Tier 1,12.85764518,0.133347119,193.0794,1985,975.397
3691,FDA13,Low Fat,Canned,OUT035,Supermarket Type1,Small,Tier 2,15.85,0.078540095,36.3506,2004,607.2096
5383,FDR28,Regular,Frozen Foods,OUT049,Supermarket Type1,Medium,Tier 1,13.85,0.025936747,164.921,1999,2609.936
509,NCQ38,Low Fat,Others,OUT018,Supermarket Type2,Medium,Tier 3,16.35,0.013420879,104.828,2009,1810.976
2614,FDF52,Low Fat,Frozen Foods,OUT027,Supermarket Type3,Medium,Tier 3,12.85764518,0.066459891,184.2292,1985,4560.73
885,FDT34,Low Fat,Snack Foods,OUT035,Supermarket Type1,Small,Tier 2,9.3,0.174317307,106.7964,2004,841.5712
1580,DRE48,Low Fat,Soft Drinks,OUT013,Supermarket Type1,High,Tier 3,8.43,0.017311312,197.8768,1987,3744.4592
2747,FDZ43,Regular,Fruits and Vegetables,OUT013,Supermarket Type1,High,Tier 3,11.0,0.057011062,241.9512,1987,2908.2144
89,FDY58,Low Fat,Snack Foods,OUT018,Supermarket Type2,Medium,Tier 3,11.65,0.040081193,227.0694,2009,1141.847
6017,NCK53,Low Fat,Health and Hygiene,OUT018,Supermarket Type2,Medium,Tier 3,11.6,0.037734334,98.1042,2009,2678.5134
2336,DRP35,Low Fat,Hard Drinks,OUT035,Supermarket Type1,Small,Tier 2,18.85,0.090850115,126.6336,2004,1150.5024
2196,DRH11,Low Fat,Hard Drinks,OUT013,Supermarket Type1,High,Tier 3,5.98,0.075495088,55.3614,1987,497.3526
4118,FDC56,Low Fat,Fruits and Vegetables,OUT035,Supermarket Type1,Small,Tier 2,7.72,0.121497742,119.744,2004,3355.632
2477,FDY47,reg,Breads,OUT018,Supermarket Type2,Medium,Tier 3,8.6,0.054706408,128.931,2009,1428.141
547,NCL19,Low Fat,Others,OUT013,Supermarket Type1,High,Tier 3,15.35,0.015663185,143.947,1987,3006.087
1715,FDK03,Regular,Dairy,OUT046,Supermarket Type1,Small,Tier 1,12.6,0.073920438,255.6356,1997,2797.6916
4107,DRI39,Low Fat,Dairy,OUT027,Supermarket Type3,Medium,Tier 3,12.85764518,0.096592065,54.893,1985,3112.615
1938,FDN04,Regular,Frozen Foods,OUT018,Supermarket Type2,Medium,Tier 3,11.8,0.014144442,180.4344,2009,535.3032
2149,NCX54,Low Fat,Household,OUT046,Supermarket Type1,Small,Tier 1,9.195,0.048059871,105.8622,1997,2223.1062
2510,FDV33,Regular,Snack Foods,OUT049,Supermarket Type1,Medium,Tier 1,9.6,0.027386122,259.2304,1999,4649.9472
5434,FDA35,Regular,Baking Goods,OUT049,Supermarket Type1,Medium,Tier 1,14.85,0.053921264,123.0072,1999,1960.1152
3791,NCB54,Low Fat,Health and Hygiene,OUT013,Supermarket Type1,High,Tier 3,8.76,0.050011058,126.7336,1987,639.168
4901,DRI03,Low Fat,Dairy,OUT018,Supermarket Type2,Medium,Tier 3,6.03,0.022796178,178.1028,2009,1416.8224
2066,NCI42,Low Fat,Household,OUT013,Supermarket Type1,High,Tier 3,18.75,0.01035692,208.3954,1987,2709.1402
3858,FDH56,Regular,Fruits and Vegetables,OUT013,Supermarket Type1,High,Tier 3,9.8,0.063764099,113.8492,1987,1737.738
324,FDZ13,Regular,Canned,OUT018,Supermarket Type2,Medium,Tier 3,7.84,0.154120252,51.935,2009,199.74
1521,FDF40,Regular,Dairy,OUT019,Grocery Store,Small,Tier 1,12.85764518,0.03941584,247.8092,1985,498.0184
1873,NCS53,Low Fat,Health and Hygiene,OUT046,Supermarket Type1,Small,Tier 1,14.5,0.089778187,158.4604,1997,2693.8268
3551,FDM04,Regular,Frozen Foods,OUT035,Supermarket Type1,Small,Tier 2,9.195,0.0471117,52.0666,2004,615.1992
456,FDF53,Regular,Frozen Foods,OUT035,Supermarket Type1,Small,Tier 2,20.75,0.083590755,182.2318,2004,3067.3406
3370,FDE47,Low Fat,Starchy Foods,OUT049,Supermarket Type1,Medium,Tier 1,14.15,0.037967687,125.6046,1999,1618.5598
811,FDM08,reg,Fruits and Vegetables,OUT035,Supermarket Type1,Small,Tier 2,10.1,0.053574075,223.7088,2004,2684.5056
5668,DRD37,Low Fat,Soft Drinks,OUT046,Supermarket Type1,Small,Tier 1,9.8,0.013841737,45.206,1997,1211.756
1073,NCR53,Low Fat,Health and Hygiene,OUT018,Supermarket Type2,Medium,Tier 3,12.15,0.0,224.4404,2009,5626.01
1252,NCL05,Low Fat,Health and Hygiene,OUT019,Grocery Store,Small,Tier 1,12.85764518,0.083862625,44.077,1985,216.385
2619,FDV38,Low Fat,Dairy,OUT013,Supermarket Type1,High,Tier 3,19.25,0.101689151,54.6956,1987,163.7868
3210,FDX15,Low Fat,Meat,OUT046,Supermarket Type1,Small,Tier 1,17.2,0.156298858,162.1578,1997,1283.6624
2903,FDE58,Low Fat,Snack Foods,OUT027,Supermarket Type3,Medium,Tier 3,12.85764518,0.0,119.8124,1985,1659.1736
4645,FDS56,Regular,Fruits and Vegetables,OUT035,Supermarket Type1,Small,Tier 2,5.785,0.038749536,262.0252,2004,4459.5284
4029,NCS30,Low Fat,Household,OUT046,Supermarket Type1,Small,Tier 1,5.945,0.093026207,128.7652,1997,516.6608
2754,FDU56,LF,Fruits and Vegetables,OUT046,Supermarket Type1,Small,Tier 1,16.85,0.044414056,182.4266,1997,2028.6926
3844,DRC13,Regular,Soft Drinks,OUT018,Supermarket Type2,Medium,Tier 3,8.26,0.032573725,125.073,2009,985.384
1670,FDK60,Regular,Baking Goods,OUT035,Supermarket Type1,Small,Tier 2,16.5,0.093846532,95.7068,2004,1069.2748
5981,NCY06,Low Fat,Household,OUT046,Supermarket Type1,Small,Tier 1,15.25,0.061184804,132.0968,1997,3914.904
4460,NCV54,Low Fat,Household,OUT046,Supermarket Type1,Small,Tier 1,11.1,0.0,119.1124,1997,1303.6364
6014,FDF12,Low Fat,Baking Goods,OUT013,Supermarket Type1,High,Tier 3,8.235,0.08235926,147.6076,1987,3103.9596
553,DRB25,Low Fat,Soft Drinks,OUT035,Supermarket Type1,Small,Tier 2,12.3,0.069446588,106.3938,2004,857.5504
5499,FDK02,Low Fat,Canned,OUT035,Supermarket Type1,Small,Tier 2,12.5,0.112203445,121.144,2004,1438.128
4545,DRF27,Low Fat,Dairy,OUT013,Supermarket Type1,High,Tier 3,8.93,0.028393624,153.434,1987,1378.206
4454,FDL44,Low Fat,Fruits and Vegetables,OUT013,Supermarket Type1,High,Tier 3,18.25,0.012264903,162.8894,1987,3397.5774
3829,FDX21,LF,Snack Foods,OUT035,Supermarket Type1,Small,Tier 2,7.05,0.084949955,109.7912,2004,1091.912
2986,DRD25,Low Fat,Soft Drinks,OUT027,Supermarket Type3,Medium,Tier 3,12.85764518,0.078589629,113.286,1985,2716.464
2004,FDQ12,LF,Baking Goods,OUT046,Supermarket Type1,Small,Tier 1,12.65,0.035410748,231.401,1997,2067.309
5822,FDN09,Low Fat,Snack Foods,OUT035,Supermarket Type1,Small,Tier 2,14.15,0.034868095,243.7828,2004,6579.4356
3615,FDN15,Low Fat,Meat,OUT018,Supermarket Type2,Medium,Tier 3,17.5,0.016802225,138.518,2009,2376.906
1659,FDD02,LF,Canned,OUT046,Supermarket Type1,Small,Tier 1,16.6,0.0,118.8124,1997,2607.2728
4191,FDK27,Low Fat,Meat,OUT035,Supermarket Type1,Small,Tier 2,11.0,0.008944844,122.3756,2004,2059.9852
2881,FDW03,Regular,Meat,OUT035,Supermarket Type1,Small,Tier 2,5.63,0.024536636,106.1306,2004,2090.612
4034,FDY45,Low Fat,Snack Foods,OUT049,Supermarket Type1,Medium,Tier 1,17.5,0.026182758,253.6356,1999,5086.712
4421,FDW34,Low Fat,Snack Foods,OUT013,Supermarket Type1,High,Tier 3,9.6,0.035549527,244.117,1987,5346.374
4881,NCF30,LF,Household,OUT035,Supermarket Type1,Small,Tier 2,17.0,0.126220187,126.7362,2004,1258.362
2417,FDQ32,Regular,Fruits and Vegetables,OUT049,Supermarket Type1,Medium,Tier 1,17.85,0.046680961,121.9388,1999,3962.8416
860,NCN05,Low Fat,Health and Hygiene,OUT049,Supermarket Type1,Medium,Tier 1,8.235,0.014482153,182.295,1999,3661.9
4309,FDM24,Regular,Baking Goods,OUT035,Supermarket Type1,Small,Tier 2,6.135,0.079312367,151.7366,2004,3325.0052
2942,NCA42,Low Fat,Household,OUT013,Supermarket Type1,High,Tier 3,6.965,0.0,159.4604,1987,3169.208
1849,FDD50,Low Fat,Canned,OUT018,Supermarket Type2,Medium,Tier 3,18.85,0.142219209,167.6132,2009,1522.0188
4895,DRM11,Low Fat,Hard Drinks,OUT018,Supermarket Type2,Medium,Tier 3,6.57,0.066338717,261.4278,2009,4165.2448
2318,FDO25,Low Fat,Canned,OUT046,Supermarket Type1,Small,Tier 1,6.3,0.127449031,210.527,1997,6291.81
2054,FDA28,Regular,Frozen Foods,OUT027,Supermarket Type3,Medium,Tier 3,12.85764518,0.047570401,125.7362,1985,3020.0688
4018,FDN40,Low Fat,Frozen Foods,OUT013,Supermarket Type1,High,Tier 3,5.88,0.086384841,153.2998,1987,2153.1972
5943,NCP06,Low Fat,Household,OUT049,Supermarket Type1,Medium,Tier 1,20.7,0.039306822,150.7366,1999,3325.0052
3121,NCD07,Low Fat,Household,OUT013,Supermarket Type1,High,Tier 3,9.1,0.055382616,115.0518,1987,683.1108
1928,FDW59,Low Fat,Breads,OUT019,Grocery Store,Small,Tier 1,12.85764518,0.03627089,85.9566,1985,169.1132
3270,FDE08,Low Fat,Fruits and Vegetables,OUT027,Supermarket Type3,Medium,Tier 3,12.85764518,0.049080853,147.7734,1985,4602.6754
1894,NCP18,Low Fat,Household,OUT049,Supermarket Type1,Medium,Tier 1,12.15,0.028642712,149.0708,1999,1203.7664
4792,NCV05,Low Fat,Health and Hygiene,OUT027,Supermarket Type3,Medium,Tier 3,12.85764518,0.030062224,154.3656,1985,2471.4496
5520,NCI29,Low Fat,Health and Hygiene,OUT049,Supermarket Type1,Medium,Tier 1,8.6,0.032672263,141.2154,1999,709.077
2467,DRB01,Low Fat,Soft Drinks,OUT049,Supermarket Type1,Medium,Tier 1,7.39,0.082367244,187.753,1999,1518.024
1439,NCW17,Low Fat,Health and Hygiene,OUT046,Supermarket Type1,Small,Tier 1,18.0,0.019386234,126.8994,1997,3083.9856
4553,FDS32,Regular,Fruits and Vegetables,OUT046,Supermarket Type1,Small,Tier 1,17.75,0.029653914,140.5838,1997,2669.1922
5967,NCE42,Low Fat,Household,OUT046,Supermarket Type1,Small,Tier 1,21.1,0.010602292,235.3958,1997,3271.7412
5451,FDZ60,Low Fat,Baking Goods,OUT027,Supermarket Type3,Medium,Tier 3,12.85764518,0.118783796,108.5596,1985,1725.7536
2823,NCW29,Low Fat,Health and Hygiene,OUT018,Supermarket Type2,Medium,Tier 3,14.0,0.028980533,129.531,2009,2077.296
5895,NCT05,LF,Health and Hygiene,OUT018,Supermarket Type2,Medium,Tier 3,10.895,0.021037197,255.9672,2009,4857.6768
1595,NCA30,low fat,Household,OUT049,Supermarket Type1,Medium,Tier 1,19.0,0.129534812,190.1872,1999,5105.3544
653,FDM56,Low Fat,Fruits and Vegetables,OUT019,Grocery Store,Small,Tier 1,12.85764518,0.122896411,111.1912,1985,218.3824
4730,FDX52,Regular,Frozen Foods,OUT018,Supermarket Type2,Medium,Tier 3,11.5,0.042173667,194.682,2009,2316.984
3623,FDC38,Low Fat,Canned,OUT013,Supermarket Type1,High,Tier 3,15.7,0.122392031,133.1942,1987,2782.3782
1527,DRJ37,Low Fat,Soft Drinks,OUT046,Supermarket Type1,Small,Tier 1,10.8,0.061101383,151.9024,1997,2580.6408
2523,FDT59,Low Fat,Breads,OUT018,Supermarket Type2,Medium,Tier 3,13.65,0.015976249,230.2668,2009,2994.7684
1966,NCP18,Low Fat,Household,OUT035,Supermarket Type1,Small,Tier 2,12.15,0.028592842,151.0708,2004,2858.9452
2980,FDE52,Regular,Dairy,OUT027,Supermarket Type3,Medium,Tier 3,12.85764518,0.02974207,88.9514,1985,3453.5046
4066,FDR49,Low Fat,Canned,OUT018,Supermarket Type2,Medium,Tier 3,8.71,0.139795569,47.2376,2009,910.8144
660,FDK48,Low Fat,Baking Goods,OUT049,Supermarket Type1,Medium,Tier 1,7.445,0.037690731,73.3354,1999,451.4124
4788,FDA23,Low Fat,Baking Goods,OUT049,Supermarket Type1,Medium,Tier 1,9.8,0.047260402,102.8016,1999,1922.8304
1286,DRD01,Regular,Soft Drinks,OUT035,Supermarket Type1,Small,Tier 2,12.1,0.061163967,56.5614,2004,828.921
3966,FDM02,Regular,Canned,OUT046,Supermarket Type1,Small,Tier 1,12.5,0.073735058,87.1198,1997,1657.1762
4589,FDU28,Regular,Frozen Foods,OUT018,Supermarket Type2,Medium,Tier 3,19.2,0.094300933,187.5214,2009,1695.7926
2906,FDZ47,Regular,Baking Goods,OUT046,Supermarket Type1,Small,Tier 1,20.7,0.07929647,97.2042,1997,1686.4714
505,FDH21,Low Fat,Seafood,OUT049,Supermarket Type1,Medium,Tier 1,10.395,0.031273559,160.0604,1999,1267.6832
4547,FDU28,Regular,Frozen Foods,OUT019,Grocery Store,Small,Tier 1,12.85764518,0.164438907,188.4214,1985,376.8428
1214,FDR35,Low Fat,Breads,OUT013,Supermarket Type1,High,Tier 3,12.5,0.020680499,197.2742,1987,2587.9646
2434,FDK40,Low Fat,Frozen Foods,OUT046,Supermarket Type1,Small,Tier 1,7.035,0.021849398,262.091,1997,4207.856
3068,NCV06,Low Fat,Household,OUT018,Supermarket Type2,Medium,Tier 3,11.3,0.066952965,192.0478,2009,3099.9648
2088,FDX28,Low Fat,Frozen Foods,OUT027,Supermarket Type3,Medium,Tier 3,12.85764518,0.0,100.7042,1985,3174.5344
4399,FDO22,Regular,Snack Foods,OUT018,Supermarket Type2,Medium,Tier 3,13.5,0.017932223,78.796,2009,239.688
491,NCV54,Low Fat,Household,OUT027,Supermarket Type3,Medium,Tier 3,12.85764518,0.03294861,116.8124,1985,2488.7604
2022,FDX36,Regular,Baking Goods,OUT018,Supermarket Type2,Medium,Tier 3,9.695,0.128805815,224.0404,2009,5851.0504
4113,FDA03,Regular,Dairy,OUT013,Supermarket Type1,High,Tier 3,18.5,0.045425939,144.9102,1987,1895.5326
5433,FDY48,Low Fat,Baking Goods,OUT046,Supermarket Type1,Small,Tier 1,14.0,0.023734872,103.2332,1997,1845.5976
359,FDK24,Low Fat,Baking Goods,OUT018,Supermarket Type2,Medium,Tier 3,9.195,0.0,43.6744,2009,407.4696
1131,FDV57,Regular,Snack Foods,OUT013,Supermarket Type1,High,Tier 3,15.25,0.065841719,179.866,1987,2696.49
1447,FDX25,LF,Canned,OUT046,Supermarket Type1,Small,Tier 1,16.7,0.102055777,184.0292,1997,3101.2964
2734,FDU34,Low Fat,Snack Foods,OUT018,Supermarket Type2,Medium,Tier 3,18.25,0.075501241,123.1046,2009,249.0092
5363,FDE56,Regular,Fruits and Vegetables,OUT019,Grocery Store,Small,Tier 1,12.85764518,0.278730642,63.2194,1985,247.6776
1919,FDH19,Low Fat,Meat,OUT019,Grocery Store,Small,Tier 1,12.85764518,0.057933643,175.1738,1985,347.5476
4560,FDK34,Low Fat,Snack Foods,OUT035,Supermarket Type1,Small,Tier 2,13.35,0.038519399,236.8564,2004,5005.4844
5432,FDM51,Regular,Meat,OUT035,Supermarket Type1,Small,Tier 2,11.8,0.02592132,101.9674,2004,1731.7458
3411,NCW42,Low Fat,Household,OUT019,Grocery Store,Small,Tier 1,12.85764518,0.102371638,221.2456,1985,663.1368
2872,DRJ59,Low Fat,Hard Drinks,OUT049,Supermarket Type1,Medium,Tier 1,11.65,0.019402371,38.7164,1999,579.246
279,FDU02,Low Fat,Dairy,OUT019,Grocery Store,Small,Tier 1,12.85764518,0.179484411,228.9352,1985,916.1408
2405,FDR51,Regular,Meat,OUT018,Supermarket Type2,Medium,Tier 3,9.035,0.17417636,148.9708,2009,2257.062
302,FDY56,Regular,Fruits and Vegetables,OUT049,Supermarket Type1,Medium,Tier 1,16.35,0.062508438,227.1062,1999,5642.655
3830,FDC57,Regular,Fruits and Vegetables,OUT013,Supermarket Type1,High,Tier 3,20.1,0.054549098,193.782,1987,1158.492
250,FDN39,Regular,Meat,OUT027,Supermarket Type3,Medium,Tier 3,12.85764518,0.065203103,166.0816,1985,5033.448
2770,FDV23,Low Fat,Breads,OUT019,Grocery Store,Small,Tier 1,12.85764518,0.185306514,125.6046,1985,622.523
1402,FDW49,Low Fat,Canned,OUT027,Supermarket Type3,Medium,Tier 3,12.85764518,0.082152451,179.9002,1985,4119.3046
404,DRE25,Low Fat,Soft Drinks,OUT035,Supermarket Type1,Small,Tier 2,15.35,0.073269336,92.112,2004,1118.544
3156,FDB35,Regular,Starchy Foods,OUT046,Supermarket Type1,Small,Tier 1,12.3,0.064618976,89.8804,1997,1286.3256
877,NCP55,Low Fat,Others,OUT013,Supermarket Type1,High,Tier 3,14.65,0.011180713,53.8614,1987,221.0456
4855,FDW38,Regular,Dairy,OUT046,Supermarket Type1,Small,Tier 1,5.325,0.138679995,53.7298,1997,862.8768
4960,FDS35,Low Fat,Breads,OUT013,Supermarket Type1,High,Tier 3,9.3,0.111127966,63.1826,1987,2002.0606
5386,FDM33,Low Fat,Snack Foods,OUT013,Supermarket Type1,High,Tier 3,15.6,0.087646694,221.5798,1987,5509.495
3522,NCB55,Low Fat,Household,OUT013,Supermarket Type1,High,Tier 3,15.7,0.160529322,59.2562,1987,296.281
2739,FDM38,Regular,Canned,OUT013,Supermarket Type1,High,Tier 3,5.885,0.092694107,53.6982,1987,1525.3478
989,FDQ56,Low Fat,Fruits and Vegetables,OUT027,Supermarket Type3,Medium,Tier 3,12.85764518,0.105085956,82.3908,1985,3691.1952
2470,NCH29,Low Fat,Health and Hygiene,OUT013,Supermarket Type1,High,Tier 3,5.51,0.034445116,95.8726,1987,2153.1972
2106,FDK26,Regular,Canned,OUT018,Supermarket Type2,Medium,Tier 3,5.46,0.032308482,185.224,2009,2423.512
5142,NCE42,Low Fat,Household,OUT027,Supermarket Type3,Medium,Tier 3,12.85764518,0.01055095,234.9958,1985,13086.9648
5189,FDZ59,Regular,Baking Goods,OUT027,Supermarket Type3,Medium,Tier 3,12.85764518,0.103517853,164.95,1985,4161.25
4032,NCT41,Low Fat,Health and Hygiene,OUT035,Supermarket Type1,Small,Tier 2,15.7,0.055979703,151.9024,2004,1062.6168
4716,NCE31,Low Fat,Household,OUT049,Supermarket Type1,Medium,Tier 1,7.67,0.185130961,32.9216,1999,588.5672
683,FDS35,LF,Breads,OUT027,Supermarket Type3,Medium,Tier 3,12.85764518,0.110681931,63.2826,1985,1033.3216
4242,FDO56,Regular,Fruits and Vegetables,OUT019,Grocery Store,Small,Tier 1,12.85764518,0.078758649,116.3808,1985,234.3616
264,FDW49,Low Fat,Canned,OUT018,Supermarket Type2,Medium,Tier 3,19.5,0.082888496,178.6002,2009,1253.7014
1407,FDW39,Regular,Meat,OUT027,Supermarket Type3,Medium,Tier 3,12.85764518,0.036731658,177.237,1985,4763.799
3729,FDQ19,Regular,Fruits and Vegetables,OUT027,Supermarket Type3,Medium,Tier 3,12.85764518,0.014295564,242.6512,1985,12117.56
2509,FDD52,Regular,Dairy,OUT035,Supermarket Type1,Small,Tier 2,18.25,0.183260221,108.557,2004,1208.427
3394,FDN09,Low Fat,Snack Foods,OUT013,Supermarket Type1,High,Tier 3,14.15,0.034845668,242.7828,1987,3167.8764
5923,FDA52,Regular,Frozen Foods,OUT013,Supermarket Type1,High,Tier 3,16.2,0.128315409,178.137,1987,3881.614
1886,FDW24,Low Fat,Baking Goods,OUT035,Supermarket Type1,Small,Tier 2,6.8,0.03748996,48.6034,2004,291.6204
2674,FDF10,Regular,Snack Foods,OUT018,Supermarket Type2,Medium,Tier 3,15.5,0.0,147.2418,2009,1324.2762
4487,FDX50,Low Fat,Dairy,OUT027,Supermarket Type3,Medium,Tier 3,12.85764518,0.074265816,109.5228,1985,3757.7752
5726,DRD24,Low Fat,Soft Drinks,OUT049,Supermarket Type1,Medium,Tier 1,13.85,0.030842963,143.1154,1999,2552.6772
1401,DRF36,Low Fat,Soft Drinks,OUT049,Supermarket Type1,Medium,Tier 1,16.1,0.023613955,192.8846,1999,5350.3688
4576,FDU57,Regular,Snack Foods,OUT013,Supermarket Type1,High,Tier 3,8.27,0.089479661,148.6708,1987,2106.5912
5064,FDW51,Regular,Meat,OUT018,Supermarket Type2,Medium,Tier 3,6.155,0.095045476,213.456,2009,2556.672
3071,FDA47,Regular,Baking Goods,OUT018,Supermarket Type2,Medium,Tier 3,10.5,0.117149075,164.121,2009,1794.331
4082,FDF57,Regular,Fruits and Vegetables,OUT019,Grocery Store,Small,Tier 1,12.85764518,0.102999154,169.9448,1985,170.4448
1412,FDM14,Low Fat,Canned,OUT027,Supermarket Type3,Medium,Tier 3,12.85764518,0.013199737,108.9254,1985,2713.135
3420,FDL45,Low Fat,Snack Foods,OUT018,Supermarket Type2,Medium,Tier 3,15.6,0.037841362,125.2704,2009,2628.5784
1671,FDN44,Low Fat,Fruits and Vegetables,OUT049,Supermarket Type1,Medium,Tier 1,13.15,0.022831052,160.292,1999,4793.76
4011,DRC36,reg,Soft Drinks,OUT035,Supermarket Type1,Small,Tier 2,13.0,0.044976367,176.2054,2004,1225.7378
523,NCY18,Low Fat,Household,OUT035,Supermarket Type1,Small,Tier 2,7.285,0.031145743,173.6054,2004,2626.581
3661,NCD18,Low Fat,Household,OUT035,Supermarket Type1,Small,Tier 2,16.0,0.072655379,229.8668,2004,4837.7028
1,DRC01,Regular,Soft Drinks,OUT018,Supermarket Type2,Medium,Tier 3,5.92,0.019278216,48.2692,2009,443.4228
5904,FDE46,Low Fat,Snack Foods,OUT046,Supermarket Type1,Small,Tier 1,18.6,0.015769693,152.1366,1997,1813.6392
1865,FDU31,Regular,Fruits and Vegetables,OUT035,Supermarket Type1,Small,Tier 2,10.5,0.02498633,216.7508,2004,3038.7112
3483,FDY14,Low Fat,Dairy,OUT035,Supermarket Type1,Small,Tier 2,10.3,0.070026951,263.6226,2004,6608.065
81,FDA47,Regular,Baking Goods,OUT013,Supermarket Type1,High,Tier 3,10.5,0.116576702,163.121,1987,1794.331
1272,FDL34,Low Fat,Snack Foods,OUT035,Supermarket Type1,Small,Tier 2,16.0,0.040938155,141.1496,2004,4516.7872
5828,NCU17,Low Fat,Health and Hygiene,OUT035,Supermarket Type1,Small,Tier 2,5.32,0.092865746,100.6674,2004,2648.5524
2832,FDB03,Regular,Dairy,OUT046,Supermarket Type1,Small,Tier 1,17.75,0.156831826,241.0538,1997,1201.769
2658,DRB01,Low Fat,Soft Drinks,OUT027,Supermarket Type3,Medium,Tier 3,12.85764518,0.081841136,190.053,1985,569.259
3460,DRK11,low fat,Hard Drinks,OUT018,Supermarket Type2,Medium,Tier 3,8.21,0.010808272,150.5392,2009,1043.9744
4323,FDA44,Low Fat,Fruits and Vegetables,OUT049,Supermarket Type1,Medium,Tier 1,19.7,0.053305463,58.193,1999,848.895
5244,NCR41,Low Fat,Health and Hygiene,OUT046,Supermarket Type1,Small,Tier 1,17.85,0.018023997,95.9094,1997,2285.0256
810,FDO24,Low Fat,Baking Goods,OUT013,Supermarket Type1,High,Tier 3,11.1,0.176069023,156.7604,1987,1901.5248
4445,FDZ46,Low Fat,Snack Foods,OUT018,Supermarket Type2,Medium,Tier 3,7.485,0.069405301,112.1228,2009,1105.228
759,FDL39,Regular,Dairy,OUT013,Supermarket Type1,High,Tier 3,16.1,0.063278652,182.1318,1987,2345.6134
3416,NCW42,Low Fat,Household,OUT027,Supermarket Type3,Medium,Tier 3,12.85764518,0.058185842,220.8456,1985,4199.8664
548,FDW01,Low Fat,Canned,OUT027,Supermarket Type3,Medium,Tier 3,12.85764518,0.063750302,153.4682,1985,2287.023
1050,FDO57,Low Fat,Snack Foods,OUT018,Supermarket Type2,Medium,Tier 3,20.75,0.109153001,161.3578,2009,4492.8184
4754,FDZ38,Low Fat,Dairy,OUT019,Grocery Store,Small,Tier 1,12.85764518,0.014008751,171.3422,1985,862.211
1907,NCL53,Low Fat,Health and Hygiene,OUT027,Supermarket Type3,Medium,Tier 3,12.85764518,0.0,175.4028,1985,6729.9064
1415,FDE08,Low Fat,Fruits and Vegetables,OUT049,Supermarket Type1,Medium,Tier 1,18.2,0.049396364,146.4734,1999,3563.3616
4116,FDT14,Regular,Dairy,OUT035,Supermarket Type1,Small,Tier 2,10.695,0.12770295,120.444,2004,2516.724
5289,FDR35,Low Fat,Breads,OUT018,Supermarket Type2,Medium,Tier 3,12.5,0.020782036,198.3742,2009,2587.9646
3823,FDA46,Low Fat,Snack Foods,OUT035,Supermarket Type1,Small,Tier 2,13.6,0.117613212,194.2136,2004,2527.3768
3798,FDM03,Low Fat,Meat,OUT046,Supermarket Type1,Small,Tier 1,12.65,0.0,107.8938,1997,750.3566
4185,NCW18,Low Fat,Household,OUT013,Supermarket Type1,High,Tier 3,15.1,0.059275452,238.9248,1987,6636.6944
727,FDC29,Regular,Frozen Foods,OUT018,Supermarket Type2,Medium,Tier 3,8.39,0.024304264,114.0176,2009,1488.7288
56,FDC29,Regular,Frozen Foods,OUT046,Supermarket Type1,Small,Tier 1,8.39,0.024205661,114.0176,1997,2290.352
1223,DRC25,Low Fat,Soft Drinks,OUT019,Grocery Store,Small,Tier 1,12.85764518,0.079440262,86.7882,1985,85.8882
1448,FDD47,Regular,Starchy Foods,OUT035,Supermarket Type1,Small,Tier 2,7.6,0.142383847,172.3448,2004,2556.672
5700,FDK25,Regular,Breakfast,OUT019,Grocery Store,Small,Tier 1,12.85764518,0.274592283,167.8474,1985,336.8948
2107,FDP44,Regular,Fruits and Vegetables,OUT046,Supermarket Type1,Small,Tier 1,16.5,0.079713576,101.3332,1997,1537.998
2122,FDW12,reg,Baking Goods,OUT049,Supermarket Type1,Medium,Tier 1,8.315,0.035627489,146.6444,1999,870.8664
2267,NCF31,Low Fat,Household,OUT018,Supermarket Type2,Medium,Tier 3,9.13,0.052058629,150.6024,2009,1821.6288
5105,FDD36,LF,Baking Goods,OUT049,Supermarket Type1,Medium,Tier 1,13.3,0.021306635,119.8124,1999,1896.1984
4909,FDQ40,Regular,Frozen Foods,OUT018,Supermarket Type2,Medium,Tier 3,11.1,0.036174285,176.0712,2009,1581.9408
700,FDF52,Low Fat,Frozen Foods,OUT018,Supermarket Type2,Medium,Tier 3,9.3,0.067055339,184.2292,2009,1277.0044
4886,NCX41,Low Fat,Health and Hygiene,OUT049,Supermarket Type1,Medium,Tier 1,19.0,0.017746826,210.8244,1999,2540.6928
1842,DRH25,Low Fat,Soft Drinks,OUT035,Supermarket Type1,Small,Tier 2,18.7,0.0,52.2324,2004,467.3916
5674,NCE54,Low Fat,Household,OUT046,Supermarket Type1,Small,Tier 1,20.7,0.026899856,73.9354,1997,677.1186
2457,FDN46,Regular,Snack Foods,OUT035,Supermarket Type1,Small,Tier 2,7.21,0.14460413,102.6332,2004,2153.1972
2000,FDY08,Regular,Fruits and Vegetables,OUT027,Supermarket Type3,Medium,Tier 3,12.85764518,0.170246782,141.5838,1985,3231.1274
2646,FDC16,Regular,Dairy,OUT049,Supermarket Type1,Medium,Tier 1,11.5,0.020601791,86.054,1999,1038.648
923,FDH24,Low Fat,Baking Goods,OUT035,Supermarket Type1,Small,Tier 2,20.7,0.021427082,156.5288,2004,1571.288
711,FDZ39,Regular,Meat,OUT035,Supermarket Type1,Small,Tier 2,19.7,0.018021361,101.199,2004,1857.582
763,NCO18,Low Fat,Household,OUT035,Supermarket Type1,Small,Tier 2,13.15,0.024646608,177.4686,2004,5510.8266
50,FDY45,Low Fat,Snack Foods,OUT027,Supermarket Type3,Medium,Tier 3,12.85764518,0.026015519,255.8356,1985,2543.356
5618,FDH50,Regular,Canned,OUT035,Supermarket Type1,Small,Tier 2,15.0,0.161404914,185.8266,2004,1844.266
638,FDR57,Regular,Snack Foods,OUT035,Supermarket Type1,Small,Tier 2,5.675,0.023492524,155.5288,2004,1414.1592
5497,FDP33,Low Fat,Snack Foods,OUT013,Supermarket Type1,High,Tier 3,18.7,0.089197963,257.3672,1987,2045.3376
594,NCK17,Low Fat,Health and Hygiene,OUT027,Supermarket Type3,Medium,Tier 3,12.85764518,0.037711338,41.548,1985,1358.232
2183,FDB60,Low Fat,Baking Goods,OUT035,Supermarket Type1,Small,Tier 2,9.3,0.028516696,194.6136,2004,3110.6176
5364,DRJ01,low fat,Soft Drinks,OUT018,Supermarket Type2,Medium,Tier 3,6.135,0.115500999,161.1236,2009,644.4944
4396,NCE07,Low Fat,Household,OUT046,Supermarket Type1,Small,Tier 1,8.18,0.013130031,142.6154,1997,709.077
4024,FDR13,Regular,Canned,OUT049,Supermarket Type1,Medium,Tier 1,9.895,0.028765486,115.3492,1999,1274.3412
4325,NCK53,Low Fat,Health and Hygiene,OUT013,Supermarket Type1,High,Tier 3,11.6,0.037549969,101.2042,1987,2281.6966
3755,FDN21,Low Fat,Snack Foods,OUT035,Supermarket Type1,Small,Tier 2,18.6,0.076841095,162.2236,2004,2900.2248
970,FDA23,Low Fat,Baking Goods,OUT035,Supermarket Type1,Small,Tier 2,9.8,0.047178116,99.4016,2004,2428.8384
4284,NCM06,Low Fat,Household,OUT027,Supermarket Type3,Medium,Tier 3,12.85764518,0.075361182,155.6656,1985,3243.7776
856,FDL26,Low Fat,Canned,OUT018,Supermarket Type2,Medium,Tier 3,18.0,0.073490977,157.3972,2009,778.986
1173,FDB59,Low Fat,Snack Foods,OUT049,Supermarket Type1,Medium,Tier 1,18.25,0.015302653,198.0084,1999,793.6336
5737,FDS59,Regular,Breads,OUT019,Grocery Store,Small,Tier 1,12.85764518,0.076851759,111.857,1985,109.857
4356,DRM47,Low Fat,Hard Drinks,OUT018,Supermarket Type2,Medium,Tier 3,9.3,0.043964058,192.3846,2009,4586.0304
2327,FDS55,Low Fat,Fruits and Vegetables,OUT018,Supermarket Type2,Medium,Tier 3,7.02,0.0,148.1734,2009,890.8404
3163,FDZ37,Regular,Canned,OUT027,Supermarket Type3,Medium,Tier 3,12.85764518,0.019672774,86.4198,1985,1918.8356
14,FDP49,Regular,Breakfast,OUT049,Supermarket Type1,Medium,Tier 1,9.0,0.069196376,54.3614,1999,718.3982
4149,FDT57,Low Fat,Snack Foods,OUT035,Supermarket Type1,Small,Tier 2,15.2,0.019031184,235.5248,2004,4740.496
520,FDQ51,Regular,Meat,OUT013,Supermarket Type1,High,Tier 3,16.0,0.017536671,45.5718,1987,1039.9796
2396,DRN37,LF,Soft Drinks,OUT018,Supermarket Type2,Medium,Tier 3,9.6,0.096689673,168.0158,2009,1336.9264
123,NCM43,Low Fat,Others,OUT035,Supermarket Type1,Small,Tier 2,14.5,0.019471688,164.821,2004,2120.573
2387,FDA07,Regular,Fruits and Vegetables,OUT018,Supermarket Type2,Medium,Tier 3,7.55,0.03107068,122.4072,2009,857.5504
3987,FDL51,Regular,Dairy,OUT013,Supermarket Type1,High,Tier 3,20.7,0.04745185,214.6876,1987,3001.4264
1201,FDU03,Regular,Meat,OUT018,Supermarket Type2,Medium,Tier 3,18.7,0.091950972,184.2292,2009,1277.0044
490,FDC33,Regular,Fruits and Vegetables,OUT027,Supermarket Type3,Medium,Tier 3,12.85764518,0.068604503,197.3768,1985,7488.9184
5216,FDP49,Regular,Breakfast,OUT027,Supermarket Type3,Medium,Tier 3,12.85764518,0.068754395,54.5614,1985,1713.1034
5563,FDV04,Regular,Frozen Foods,OUT035,Supermarket Type1,Small,Tier 2,7.825,0.149986868,158.8288,2004,1414.1592
2703,FDZ01,Regular,Canned,OUT035,Supermarket Type1,Small,Tier 2,8.975,0.009057132,104.099,2004,2476.776
1673,FDP44,Regular,Fruits and Vegetables,OUT013,Supermarket Type1,High,Tier 3,16.5,0.07964724,101.4332,1987,1948.1308
6108,FDF53,reg,Frozen Foods,OUT046,Supermarket Type1,Small,Tier 1,20.75,0.083606565,178.8318,1997,3608.636
3840,FDS39,Low Fat,Meat,OUT013,Supermarket Type1,High,Tier 3,6.895,0.022441883,143.8812,1987,2707.1428
2245,FDO32,Low Fat,Fruits and Vegetables,OUT027,Supermarket Type3,Medium,Tier 3,12.85764518,0.119959873,45.506,1985,885.514
831,FDD46,Low Fat,Snack Foods,OUT019,Grocery Store,Small,Tier 1,12.85764518,0.247321039,152.3998,1985,153.7998
4019,FDR19,Regular,Fruits and Vegetables,OUT027,Supermarket Type3,Medium,Tier 3,12.85764518,0.158947217,145.5102,1985,5978.2182
2215,FDH08,Low Fat,Fruits and Vegetables,OUT019,Grocery Store,Small,Tier 1,12.85764518,0.030516069,227.801,1985,459.402
4028,FDB38,Regular,Canned,OUT027,Supermarket Type3,Medium,Tier 3,12.85764518,0.027214272,159.692,1985,3515.424
2242,FDR43,Low Fat,Fruits and Vegetables,OUT035,Supermarket Type1,Small,Tier 2,18.2,0.161458973,37.819,2004,256.333
2277,FDV52,Regular,Frozen Foods,OUT018,Supermarket Type2,Medium,Tier 3,20.7,0.122015744,117.7466,2009,2828.3184
2943,DRB13,Regular,Soft Drinks,OUT013,Supermarket Type1,High,Tier 3,6.115,0.007038478,189.253,1987,3605.307
3978,FDQ32,Regular,Fruits and Vegetables,OUT019,Grocery Store,Small,Tier 1,12.85764518,0.081605462,122.3388,1985,371.5164
1090,NCT06,Low Fat,Household,OUT013,Supermarket Type1,High,Tier 3,17.1,0.038705317,165.0842,1987,2320.9788
5990,NCE18,Low Fat,Household,OUT035,Supermarket Type1,Small,Tier 2,10.0,0.021421289,248.375,2004,7240.575
3288,FDI34,Regular,Snack Foods,OUT046,Supermarket Type1,Small,Tier 1,10.65,0.085135953,232.3668,1997,3685.8688
5486,FDI32,Low Fat,Fruits and Vegetables,OUT027,Supermarket Type3,Medium,Tier 3,12.85764518,0.173529036,113.2834,1985,4376.9692
599,FDS31,reg,Fruits and Vegetables,OUT049,Supermarket Type1,Medium,Tier 1,13.1,0.0,178.9318,1999,3067.3406
5424,FDC47,Low Fat,Snack Foods,OUT035,Supermarket Type1,Small,Tier 2,15.0,0.118868155,229.4694,2004,5937.6044
4372,FDE38,Low Fat,Canned,OUT046,Supermarket Type1,Small,Tier 1,6.52,0.044607161,164.2842,1997,2818.3314
3802,FDW12,Regular,Baking Goods,OUT013,Supermarket Type1,High,Tier 3,8.315,0.035542581,143.3444,1987,1596.5884
2164,FDJ33,Regular,Snack Foods,OUT018,Supermarket Type2,Medium,Tier 3,8.895,0.088681966,121.973,2009,2956.152
1799,FDX50,Low Fat,Dairy,OUT018,Supermarket Type2,Medium,Tier 3,20.1,0.074931201,108.9228,2009,1105.228
1818,FDZ31,Regular,Fruits and Vegetables,OUT035,Supermarket Type1,Small,Tier 2,15.35,0.113195815,190.8504,2004,3643.2576
884,FDL44,Low Fat,Fruits and Vegetables,OUT035,Supermarket Type1,Small,Tier 2,18.25,0.012272797,160.2894,2004,3235.788
1725,FDC45,Low Fat,Fruits and Vegetables,OUT019,Grocery Store,Small,Tier 1,12.85764518,0.237651344,170.2106,1985,171.1106
4720,DRF36,Low Fat,Soft Drinks,OUT027,Supermarket Type3,Medium,Tier 3,12.85764518,0.023463124,190.6846,1985,9554.23
1431,FDS13,Low Fat,Canned,OUT018,Supermarket Type2,Medium,Tier 3,6.465,0.0,263.1884,2009,2914.8724
414,NCH30,Low Fat,Household,OUT035,Supermarket Type1,Small,Tier 2,17.1,0.067141355,114.586,2004,2942.836
2920,FDS24,Regular,Baking Goods,OUT018,Supermarket Type2,Medium,Tier 3,20.85,0.062477955,87.2514,2009,1505.3738
1091,FDY24,Regular,Baking Goods,OUT035,Supermarket Type1,Small,Tier 2,4.88,0.0,53.1298,2004,808.947
443,DRI37,Low Fat,Soft Drinks,OUT027,Supermarket Type3,Medium,Tier 3,12.85764518,0.107076832,58.7904,1985,1288.9888
2949,FDZ52,Low Fat,Frozen Foods,OUT018,Supermarket Type2,Medium,Tier 3,19.2,0.100482186,111.8886,2009,1667.829
4077,FDS55,Low Fat,Fruits and Vegetables,OUT027,Supermarket Type3,Medium,Tier 3,12.85764518,0.080771137,146.4734,1985,4157.2552
1693,DRL35,low fat,Hard Drinks,OUT035,Supermarket Type1,Small,Tier 2,15.7,0.030697825,42.877,2004,1168.479
1902,NCN42,Low Fat,Household,OUT046,Supermarket Type1,Small,Tier 1,20.25,0.014222617,148.9418,1997,3531.4032
1804,NCU17,Low Fat,Health and Hygiene,OUT013,Supermarket Type1,High,Tier 3,5.32,0.0,101.7674,1987,1120.5414
5550,FDW39,Regular,Meat,OUT018,Supermarket Type2,Medium,Tier 3,6.69,0.037060755,176.837,2009,1411.496
412,FDO44,Low Fat,Fruits and Vegetables,OUT027,Supermarket Type3,Medium,Tier 3,12.85764518,0.087029712,109.2228,1985,3205.1612
2103,FDU08,LF,Fruits and Vegetables,OUT027,Supermarket Type3,Medium,Tier 3,12.85764518,0.027183141,99.7042,1985,3868.9638
5044,NCJ18,Low Fat,Household,OUT027,Supermarket Type3,Medium,Tier 3,12.85764518,0.163148041,116.6124,1985,3199.8348
5548,FDK38,Low Fat,Canned,OUT035,Supermarket Type1,Small,Tier 2,6.65,0.053279839,147.7734,2004,2078.6276
913,FDD32,Regular,Fruits and Vegetables,OUT013,Supermarket Type1,High,Tier 3,17.7,0.040897932,82.6276,1987,731.0484
373,FDN16,Regular,Frozen Foods,OUT013,Supermarket Type1,High,Tier 3,12.6,0.062648111,104.899,1987,1960.781
4102,FDH47,Regular,Starchy Foods,OUT035,Supermarket Type1,Small,Tier 2,13.5,0.128791854,95.4068,2004,1944.136
1212,DRA12,LF,Soft Drinks,OUT035,Supermarket Type1,Small,Tier 2,11.6,0.0,141.9154,2004,992.7078
2845,FDC34,Regular,Snack Foods,OUT018,Supermarket Type2,Medium,Tier 3,16.0,0.173462841,157.6972,2009,2960.1468
3404,NCX05,Low Fat,Health and Hygiene,OUT013,Supermarket Type1,High,Tier 3,15.2,0.09698132,116.3492,1987,2548.6824
4230,FDT20,Low Fat,Fruits and Vegetables,OUT013,Supermarket Type1,High,Tier 3,10.5,0.041360997,39.5164,1987,926.7936
1290,FDC17,LF,Frozen Foods,OUT013,Supermarket Type1,High,Tier 3,12.15,0.01544786,211.2928,1987,2735.1064
1955,FDY60,Regular,Baking Goods,OUT027,Supermarket Type3,Medium,Tier 3,12.85764518,0.02624324,143.8128,1985,4458.1968
2921,FDS15,Regular,Meat,OUT046,Supermarket Type1,Small,Tier 1,9.195,0.078060601,106.3596,1997,2912.2092
2876,FDT44,Low Fat,Fruits and Vegetables,OUT049,Supermarket Type1,Medium,Tier 1,16.6,0.103146658,117.2466,1999,2239.0854
3477,NCL42,Low Fat,Household,OUT049,Supermarket Type1,Medium,Tier 1,18.85,0.040434372,244.3144,1999,5635.3312
1967,FDZ45,Low Fat,Snack Foods,OUT018,Supermarket Type2,Medium,Tier 3,14.1,0.067148407,200.4084,2009,3968.168
5860,FDG09,Regular,Fruits and Vegetables,OUT027,Supermarket Type3,Medium,Tier 3,12.85764518,0.047704151,187.2556,1985,4506.1344
1119,FDF16,Low Fat,Frozen Foods,OUT027,Supermarket Type3,Medium,Tier 3,12.85764518,0.085715273,146.6076,1985,1773.6912
503,FDA23,Low Fat,Baking Goods,OUT046,Supermarket Type1,Small,Tier 1,9.8,0.047187038,100.6016,1997,1619.2256
4147,FDI22,Low Fat,Snack Foods,OUT027,Supermarket Type3,Medium,Tier 3,12.85764518,0.095746519,208.6612,1985,7317.142
1717,NCM07,Low Fat,Others,OUT027,Supermarket Type3,Medium,Tier 3,12.85764518,0.03976832,83.9908,1985,2348.9424
1375,FDK57,Low Fat,Snack Foods,OUT027,Supermarket Type3,Medium,Tier 3,12.85764518,0.079904068,120.044,1985,4434.228
1868,NCN43,Low Fat,Others,OUT027,Supermarket Type3,Medium,Tier 3,12.85764518,0.006727008,125.173,1985,3202.498
2379,FDZ25,Regular,Canned,OUT018,Supermarket Type2,Medium,Tier 3,15.7,0.027729547,169.379,2009,1528.011
5007,DRJ11,Low Fat,Hard Drinks,OUT013,Supermarket Type1,High,Tier 3,9.5,0.085020342,188.7872,1987,1701.7848
5339,FDM14,Low Fat,Canned,OUT035,Supermarket Type1,Small,Tier 2,13.8,0.01326146,108.0254,2004,759.6778
4237,FDY52,Low Fat,Frozen Foods,OUT013,Supermarket Type1,High,Tier 3,6.365,0.007342171,59.9536,1987,980.0576
4707,FDR48,Low Fat,Baking Goods,OUT013,Supermarket Type1,High,Tier 3,11.65,0.131394793,151.9024,1987,1669.8264
5265,FDP08,Regular,Fruits and Vegetables,OUT049,Supermarket Type1,Medium,Tier 1,20.5,0.112584813,192.0478,1999,1549.9824
1299,FDX37,Low Fat,Canned,OUT049,Supermarket Type1,Medium,Tier 1,16.2,0.063127333,100.47,1999,1597.92
4733,FDS19,Regular,Fruits and Vegetables,OUT035,Supermarket Type1,Small,Tier 2,13.8,0.064195136,75.8012,2004,1138.518
3384,FDH53,Regular,Frozen Foods,OUT035,Supermarket Type1,Small,Tier 2,20.5,0.0,82.8592,2004,908.1512
2031,FDJ45,Low Fat,Seafood,OUT049,Supermarket Type1,Medium,Tier 1,17.75,0.073524776,34.8216,1999,207.7296
4461,FDO21,Regular,Snack Foods,OUT018,Supermarket Type2,Medium,Tier 3,11.6,0.009802791,223.0404,2009,1125.202
5671,FDZ58,Low Fat,Snack Foods,OUT049,Supermarket Type1,Medium,Tier 1,17.85,0.052257982,121.8072,1999,2450.144
